{
  "npar": 28,
  "sigma_Om": 0.002863986010916783,
  "sigma_s8": 0.003089539959999531,
  "sigma_A_IA": 0.018348337602280402,
  "sigma_Delta_growth": 0.07539408099289435,
  "sigma_Delta_geom": 0.192,
  "mechanism_sigma": 4.847960356286015
}