{
  "npar": 28,
  "sigma_Om": 0.0028639860109434764,
  "sigma_s8": 0.0030895399600392366,
  "sigma_A_IA": 0.018348337602288302,
  "sigma_Delta_growth": 0.07539408099361726,
  "sigma_Delta_geom": 0.192,
  "mechanism_sigma": 4.847960356279805
}