{
  "lnZ_lcdm": [
    -737.5739919040636,
    0.2332096350328998
  ],
  "lnZ_sede": [
    -735.6793122608163,
    0.2308508112168317
  ],
  "lnB": 1.8946796432472865,
  "lnB_err": 0.32814452747478146,
  "nlive": 400
}