{
  "N": 48000,
  "rho": 6.0,
  "Rs": [
    3,
    4,
    5,
    6,
    7
  ],
  "bulk": [
    142.16666666666666,
    248.16666666666666,
    382.3333333333333,
    538.3333333333334,
    728.0
  ],
  "horizon": [
    2242.3333333333335,
    2979.6666666666665,
    3650.8333333333335,
    4512.333333333333,
    5108.333333333333
  ],
  "exp_bulk": 1.9247245328220361,
  "exp_horizon": 0.9819249408812144,
  "gap": 0.9427995919408217,
  "verdict": {
    "gap_ge_half": true,
    "bulk_is_volume": true,
    "horizon_is_area": true
  }
}