{
  "lcdm": {
    "chi2_breakdown": {
      "planck_2018_highl_plik.TTTEEE": 2347.0522932302247,
      "planck_2018_lowl.TT": 23.58640667954859,
      "planck_2018_lowl.EE": 395.8568867708434,
      "TOTAL": 2766.4955866806167
    },
    "bestfit": {
      "ombh2": 0.02232399269092695,
      "omch2": 0.12052640005790514,
      "cosmomc_theta": 0.010408806687813982,
      "logA": 3.0413586872241716,
      "ns": 0.9635758855989974,
      "tau": 0.05248297088803053,
      "A_planck": 1.0002911882181797,
      "calib_100T": 0.9995798295772048,
      "calib_217T": 0.9983537818844541,
      "A_cib_217": 59.47334297865136,
      "xi_sz_cib": 0.16471066833883444,
      "A_sz": 6.65098502130377,
      "ksz_norm": 0.17745391572004499,
      "gal545_A_100": 8.748254725734695,
      "gal545_A_143": 10.77009579310279,
      "gal545_A_143_217": 17.567266484944014,
      "gal545_A_217": 86.08290988006392,
      "ps_A_100_100": 263.7156576177406,
      "ps_A_143_143": 45.90943141688214,
      "ps_A_143_217": 38.44883565130134,
      "ps_A_217_217": 102.87802343252432,
      "galf_TE_A_100": 0.116552621670777,
      "galf_TE_A_100_143": 0.13597398077953599,
      "galf_TE_A_100_217": 0.4766805318701956,
      "galf_TE_A_143": 0.22862604029167494,
      "galf_TE_A_143_217": 0.6647027087090644,
      "galf_TE_A_217": 2.0976872803472633
    },
    "derived": {},
    "meta": {},
    "act_lensing_chi2": 13.91009844386269,
    "minuslogpost_chi2": -2760.902917359477,
    "seconds": 1760.4970819950104
  },
  "sede": {
    "chi2_breakdown": {
      "planck_2018_highl_plik.TTTEEE": 2346.7796235365877,
      "planck_2018_lowl.TT": 23.35780145834974,
      "planck_2018_lowl.EE": 396.02865588146943,
      "TOTAL": 2766.166080876407
    },
    "bestfit": {
      "ombh2": 0.022344643707487535,
      "omch2": 0.12023287907340828,
      "cosmomc_theta": 0.010408817564786977,
      "logA": 3.0435672896515786,
      "ns": 0.964615337875507,
      "tau": 0.054143083354440784,
      "A_planck": 1.0001715448763246,
      "calib_100T": 0.999527877244559,
      "calib_217T": 0.9982678867920048,
      "A_cib_217": 60.48973651117155,
      "xi_sz_cib": 0.08846685669143729,
      "A_sz": 6.54120199950937,
      "ksz_norm": 0.008153674261887622,
      "gal545_A_100": 9.154065304082959,
      "gal545_A_143": 11.235982897427139,
      "gal545_A_143_217": 15.992442005665715,
      "gal545_A_217": 82.56807746571329,
      "ps_A_100_100": 261.8048144437903,
      "ps_A_143_143": 42.95133085865281,
      "ps_A_143_217": 36.69399972483274,
      "ps_A_217_217": 103.07953841360751,
      "galf_TE_A_100": 0.11332719657438109,
      "galf_TE_A_100_143": 0.13410942594564457,
      "galf_TE_A_100_217": 0.4744370086324444,
      "galf_TE_A_143": 0.22153718647260687,
      "galf_TE_A_143_217": 0.668290947620266,
      "galf_TE_A_217": 2.114743035862281
    },
    "derived": {},
    "meta": {
      "w0": -0.9761386329211942,
      "wa": -0.14129933022563831,
      "cpl_resid": 0.019453150621073334
    },
    "act_lensing_chi2": 13.726500872717725,
    "minuslogpost_chi2": -2761.0801831022363,
    "seconds": 1581.501529932022
  },
  "delta_chi2_sede_minus_lcdm": -0.3295058042099299,
  "delta_chi2_act_lensing_at_bestfit": -0.1835975711449649
}