{
  "lcdm": {
    "chi2_breakdown": {
      "planck_2018_highl_plik.TTTEEE_lite_native": 584.06240039514,
      "planck_2018_lowl.TT": 23.331933807122027,
      "planck_2018_lowl.EE": 396.1527491152829,
      "TOTAL": 1003.547083317545
    },
    "bestfit": {
      "ombh2": 0.022378327916268533,
      "omch2": 0.1200345360680519,
      "cosmomc_theta": 0.010409657459204674,
      "logA": 3.0438013003249584,
      "ns": 0.965128968374701,
      "tau": 0.05449994098163522,
      "A_planck": 1.0000310106203418
    },
    "derived": {},
    "meta": {},
    "act_lensing_chi2": 14.10148568088643,
    "minuslogpost_chi2": -947.1871953171483,
    "seconds": 48.23930907249451
  },
  "sede": {
    "chi2_breakdown": {
      "planck_2018_highl_plik.TTTEEE_lite_native": 583.6949282825246,
      "planck_2018_lowl.TT": 23.30563754951271,
      "planck_2018_lowl.EE": 396.11250562703026,
      "TOTAL": 1003.1130714590677
    },
    "bestfit": {
      "ombh2": 0.02236652660148943,
      "omch2": 0.1200276363555488,
      "cosmomc_theta": 0.01040983987193186,
      "logA": 3.0436509665473137,
      "ns": 0.9650650991534996,
      "tau": 0.054433771963100626,
      "A_planck": 0.9999949629639134
    },
    "derived": {},
    "meta": {
      "w0": -0.9761386329211942,
      "wa": -0.14129933022563831,
      "cpl_resid": 0.019453150621073334
    },
    "act_lensing_chi2": 13.79071067227564,
    "minuslogpost_chi2": -946.7530336527764,
    "seconds": 56.01737713813782
  },
  "delta_chi2_sede_minus_lcdm": -0.4340118584773336,
  "delta_chi2_act_lensing_at_bestfit": -0.3107750086107899
}