{
  "lcdm": {
    "chi2": {
      "planck_2018_highl_plik.TTTEEE_lite_native": 584.5024290146281,
      "planck_2018_lowl.TT": 23.424775738935182,
      "planck_2018_lowl.EE": 396.10353315173705,
      "TOTAL": 1004.0307379053004
    },
    "meta": {}
  },
  "sede": {
    "chi2": {
      "planck_2018_highl_plik.TTTEEE_lite_native": 583.8107164720161,
      "planck_2018_lowl.TT": 23.28469339182692,
      "planck_2018_lowl.EE": 396.08492675396974,
      "TOTAL": 1003.1803366178128
    },
    "meta": {
      "w0": -1.0674725771014744,
      "wa": -0.03085258745072361,
      "cpl_resid": 0.023984682369522448
    }
  }
}