{
  "lcdm": {
    "chi2": 1440.7943381559248,
    "AIC": 1450.7943381559248,
    "BIC": 1477.7698758887373
  },
  "sede": {
    "chi2": 1437.8446827919229,
    "AIC": 1447.8446827919229,
    "BIC": 1474.8202205247353
  },
  "dAIC": -2.9496553640019556,
  "dBIC": -2.9496553640019556,
  "N": 1628,
  "k": 5
}