{
  "lcdm": {
    "chi2": 2443.9936107916656,
    "x": [
      0.295738860740767,
      68.71101256514578,
      0.02260123041416274,
      -19.40289816684055,
      3.0377514882078827,
      0.9725116111554961,
      0.05451018015919057,
      1.0005207149151127
    ],
    "sec": 685.1693007946014
  },
  "sede": {
    "chi2": 2440.8280209443374,
    "x": [
      0.29514126898029874,
      68.91175026960076,
      0.022555677893542916,
      -19.396790081174082,
      3.0400605547324773,
      0.9711280669193074,
      0.05492908045541808,
      1.0006055381524177
    ],
    "sec": 580.239718914032
  },
  "delta_chi2_sede_minus_lcdm_fullcmb": -3.1655898473281923
}