{
  "joint_dchi2_noshoes": -1.7465176070686539,
  "bestfit_lcdm": [
    0.3031711062733814,
    68.16334301558354,
    0.022245473283855483,
    -19.417885181304865,
    0.7565607617009965
  ],
  "bestfit_sede": [
    0.30304453896201283,
    68.28976447492475,
    0.022230431648583328,
    -19.413487554378552,
    0.7561840026205255
  ],
  "lnB_noshoes": 0.9475714371425283,
  "lnB_err": 0.4126509196328906,
  "lnZ": {
    "lcdm": [
      -727.8662214026382,
      0.2905172377114149
    ],
    "sede": [
      -726.9186499654957,
      0.2930537767482268
    ]
  },
  "calibration": {
    "p": 0.03,
    "k": 6,
    "nmock": 200,
    "null_mean": 0.2946047070553516,
    "null_sd": 1.0814866797849736,
    "real": -1.7465176070686539,
    "ub": 0.04959591794226542
  }
}