{
  "lcdm": {
    "DESI_BAO": 10.775632248506806,
    "Pantheon_SN": 1390.2198220812008,
    "CMB_RlA": 7.610061222755018,
    "omega_b_prior": 0.3760660243918066,
    "SH0ES": 17.776450274339265,
    "Moresco_CC": 7.598767414390165,
    "fsigma8": 6.437538890340915,
    "TOTAL": 1440.7943381559248
  },
  "sede": {
    "DESI_BAO": 10.638294551598445,
    "Pantheon_SN": 1390.383276598729,
    "CMB_RlA": 5.875333351429687,
    "omega_b_prior": 0.3062019967871818,
    "SH0ES": 16.52483759352322,
    "Moresco_CC": 7.705460332660299,
    "fsigma8": 6.4112783671949884,
    "TOTAL": 1437.8446827919229
  },
  "delta": {
    "DESI_BAO": -0.13733769690836084,
    "Pantheon_SN": 0.16345451752818008,
    "CMB_RlA": -1.7347278713253313,
    "omega_b_prior": -0.06986402760462479,
    "SH0ES": -1.251612680816045,
    "Moresco_CC": 0.1066929182701335,
    "fsigma8": -0.026260523145926307,
    "TOTAL": -2.9496553640019556
  },
  "bestfit_sede": [
    0.29825580585477274,
    68.81232163697915,
    0.022574741430492623,
    -19.398744882074737,
    0.7597019532469333
  ],
  "bestfit_lcdm": [
    0.2986769305255297,
    68.65513870040051,
    0.022596899622607088,
    -19.40375948632904,
    0.7600241974991002
  ]
}