{
  "diagnostics": {
    "gap_ratio": {
      "8": {
        "r4": 0.5152466353174029,
        "e4": 0.008481493749552331,
        "r2": 0.527873184214534,
        "e2": 0.009993766561598578,
        "predict": "GOE",
        "closest": "GOE",
        "ok": true
      },
      "10": {
        "r4": 0.5991666392708612,
        "e4": 0.005543594330715725,
        "r2": 0.45344348968376125,
        "e2": 0.007613256797516404,
        "predict": "GUE",
        "closest": "GUE",
        "ok": true
      },
      "12": {
        "r4": 0.6769707239566771,
        "e4": 0.00484748390739872,
        "r2": 0.41188220625049055,
        "e2": 0.006522554495513366,
        "predict": "GSE",
        "closest": "GSE",
        "ok": true
      }
    },
    "page_curve": {
      "10": {
        "n_A": [
          1,
          2,
          3,
          4
        ],
        "S_q4": [
          0.664752427558673,
          1.1874325417526095,
          1.1906814690686323,
          0.6619524922294986
        ],
        "S_page": [
          0.6465162022075268,
          1.153138052579377,
          1.153138052579377,
          0.6465162022075268
        ],
        "S_q2": [
          0.6501838465729146,
          1.0319099350900283,
          1.0151570792367808,
          0.6277877542437887
        ],
        "ratio_q4": [
          1.0282069115806822,
          1.0297401417779262,
          1.0325576078295888,
          1.0238761070012856
        ],
        "mean_ratio_q4": 1.0285951920473708,
        "mean_ratio_q2": 0.9379797125524578
      },
      "12": {
        "n_A": [
          1,
          2,
          3,
          4,
          5
        ],
        "S_q4": [
          0.6807289368065972,
          1.283600815707237,
          1.594294815509302,
          1.279963768185744,
          0.6783013217299183
        ],
        "S_page": [
          0.6697707082692489,
          1.2694119104767758,
          1.5885337608486263,
          1.2694119104767758,
          0.6697707082692489
        ],
        "S_q2": [
          0.6502951027542203,
          1.0772985748678217,
          1.220892218089297,
          1.0681715909046556,
          0.6334082738585404
        ],
        "ratio_q4": [
          1.0163611642044863,
          1.011177542225149,
          1.00362664917968,
          1.0083123985381586,
          1.0127366177041592
        ],
        "mean_ratio_q4": 1.0104428743703266,
        "mean_ratio_q2": 0.8750651634648824
      }
    },
    "otoc": {
      "ts": [
        0.0,
        0.2,
        0.4,
        0.6000000000000001,
        0.8,
        1.0,
        1.2000000000000002,
        1.4000000000000001,
        1.6,
        1.8,
        2.0,
        2.2,
        2.4000000000000004,
        2.6,
        2.8000000000000003,
        3.0,
        3.2,
        3.4000000000000004,
        3.6,
        3.8000000000000003,
        4.0,
        4.2,
        4.4,
        4.6000000000000005,
        4.800000000000001,
        5.0,
        5.2,
        5.4,
        5.6000000000000005,
        5.800000000000001,
        6.0,
        6.2,
        6.4,
        6.6000000000000005,
        6.800000000000001,
        7.0,
        7.2,
        7.4,
        7.6000000000000005,
        7.800000000000001,
        8.0
      ],
      "C_q4": [
        0.0,
        0.2333246858580913,
        0.7907773960415603,
        1.372213192837458,
        1.7615015755844168,
        1.9370439072466412,
        1.9903334268733972,
        2.000673680918594,
        1.997254965254398,
        1.9883347515780487,
        1.981680233176267,
        1.981484053804185,
        1.98651040390453,
        1.9940141413549197,
        2.0009801378509677,
        2.0047663352419143,
        2.0054720401723665,
        2.005002482964189,
        2.003228405827736,
        1.9983218689537856,
        1.991273969077651,
        1.9869799248658144,
        1.9895362982178255,
        1.9976019649416037,
        2.0051076530236562,
        2.006878513206052,
        2.0039505020618047,
        2.0021509769515813,
        2.0044574578241163,
        2.0072586063697013,
        2.0060239312474732,
        2.0012772878494314,
        1.9964887095658201,
        1.993729781562849,
        1.993813769670666,
        1.9970359252220113,
        2.0015315815581283,
        2.0037219738014933,
        2.0018978926447013,
        1.9977204257982006,
        1.9938677343766649
      ],
      "C_q2": [
        0.0,
        0.19782046717741464,
        0.6136856602950871,
        0.9532578421554969,
        1.1235060302638857,
        1.2168562527226618,
        1.2860127523812528,
        1.308098205374126,
        1.2808136444991964,
        1.2275362438819557,
        1.1892641208685908,
        1.1936883019315458,
        1.2109335261753071,
        1.2110340239415434,
        1.218728497905432,
        1.2600626072527912,
        1.3000274040524196,
        1.3044460104044988,
        1.3070706685560847,
        1.3114588574785653,
        1.2628098427350523,
        1.1757201621646416,
        1.1199528387257425,
        1.11363847351052,
        1.1337005519616075,
        1.1602072660716294,
        1.1712741503872128,
        1.1482580861669427,
        1.0992493084580128,
        1.0450052171444195,
        1.017690821237364,
        1.0549966920981193,
        1.1259872014684749,
        1.1559110882028993,
        1.1380265346209881,
        1.1219074984052477,
        1.1342220570359127,
        1.148505642911585,
        1.131872024869668,
        1.0962467162012768,
        1.0597881752304956
      ],
      "plateau_q4": 1.9991573752303449,
      "t_star": 0.47182264756461434
    },
    "scrambling_bridge": {
      "lambda_L_over_2piT": 1.0,
      "lnS": 281.73,
      "t_star_over_inv_H": 281.73,
      "route2_lnS": 281.73
    }
  },
  "verdict": {
    "rmt_ok": true,
    "page_ok": true,
    "otoc_ok": true,
    "all_ok": true
  }
}