{
  "sigma": {
    "Om": 0.005321317666754955,
    "s8": 0.007311858218355424,
    "Delta": 0.24879598875310743,
    "h": 0.004791579666089003,
    "ns": 0.003731224358324209,
    "Ob": 0.000497355826902896,
    "A_IA": 0.0293444067108853,
    "A_b": 0.11120887384422376
  },
  "sigma_Delta_growth_realistic": 0.24879598875310743,
  "sigma_Delta_geom": 0.19198554557685663,
  "decoupling_sigma": 3.1821019561865973
}