{
  "sigma_Om": 0.00409710361410914,
  "sigma_s8": 0.006927063546334748,
  "sigma_Delta_growth_WL": 0.24130730024004046,
  "sigma_Delta_geom": 0.19198554557685663,
  "sigma_Delta_E1": 0.3083628752939957,
  "detect_decoupling_1": 3.242932532155798
}